{
  "dice_soft": 0.9413182139396667,
  "iou_bin@0.5": 0.8828677535057068
}