{
  "epoch": [
    1,
    2,
    3,
    4,
    5,
    6,
    7,
    8,
    9,
    10,
    11,
    12,
    13,
    14,
    15,
    16,
    17,
    18,
    19,
    20,
    21,
    22,
    23,
    24,
    25,
    26,
    27,
    28,
    29,
    30,
    31,
    32,
    33,
    34,
    35,
    36,
    37,
    38,
    39,
    40,
    41,
    42,
    43,
    44,
    45,
    46,
    47,
    48,
    49,
    50,
    51,
    52,
    53
  ],
  "train_loss": [
    0.5158049303293228,
    0.3972126676142216,
    0.3398599581420422,
    0.30022719338536263,
    0.2747496056556702,
    0.25299132090061904,
    0.23399830013513565,
    0.21813902571797372,
    0.2116135622560978,
    0.19833465388044716,
    0.19145928390324116,
    0.18673381429165603,
    0.17335739761590957,
    0.165661799646914,
    0.14058247674256563,
    0.13883527129888534,
    0.12500115422531963,
    0.12590521039441227,
    0.12271572703495622,
    0.11285297789610922,
    0.11149998797103762,
    0.10635124538093806,
    0.10013688249513507,
    0.1008183141797781,
    0.09863897118717432,
    0.08672673999331891,
    0.08686032185330987,
    0.08391697149723769,
    0.08141357541084289,
    0.07901258015073837,
    0.07431137157604098,
    0.060742662372067574,
    0.053180499151349064,
    0.04989648788236081,
    0.04899307795800269,
    0.04633193798363209,
    0.04573467963375151,
    0.041581672420725226,
    0.03769567108713091,
    0.03775196465663612,
    0.036881399070844055,
    0.03595989747904241,
    0.03259712087456137,
    0.032484178449958566,
    0.031657163063064216,
    0.031236602403223516,
    0.03059544526040554,
    0.029729558886028826,
    0.029901586277410387,
    0.028829947956837715,
    0.028659771396778524,
    0.028444932457059622,
    0.028136142743751407
  ],
  "val_loss": [
    0.41113843142986295,
    0.3633671259880066,
    0.3405524143576622,
    0.2837879881262779,
    0.27883769750595094,
    0.24144385650753974,
    0.22630887985229492,
    0.23769985422492027,
    0.21643851324915886,
    0.20457537785172464,
    0.23497538074851035,
    0.20954937539994717,
    0.21602434083819388,
    0.21353454977273942,
    0.1782600174844265,
    0.17286348700523377,
    0.16253206916153431,
    0.16868479803204536,
    0.1704542028158903,
    0.16597276613116263,
    0.16199834167957305,
    0.1663643728941679,
    0.1581056347489357,
    0.182051213234663,
    0.16887377850711346,
    0.1655845744162798,
    0.1568991831690073,
    0.17079192787408828,
    0.16285899430513381,
    0.1653316780179739,
    0.19370708145201207,
    0.16297145798802376,
    0.15863259866833687,
    0.1744134832918644,
    0.16699181988835335,
    0.17625271268188952,
    0.1739116607606411,
    0.16025620490312575,
    0.16657514184713362,
    0.16256619065999986,
    0.17595895543694495,
    0.16957205977290868,
    0.17396226204931736,
    0.17423882361501455,
    0.17586239613592625,
    0.17364898830652237,
    0.16712038569152354,
    0.1714678280055523,
    0.17261456444859505,
    0.17481662858277558,
    0.1725881154835224,
    0.17435299307107927,
    0.1744762285798788
  ],
  "dice": [
    0.5511304408311843,
    0.617089548110962,
    0.6028042370080948,
    0.6932462334632874,
    0.6880719178915023,
    0.7399860811233521,
    0.7605574631690979,
    0.7433056533336639,
    0.7784681212902069,
    0.7890076053142547,
    0.7545926141738891,
    0.7806964957714081,
    0.7852436089515686,
    0.779563307762146,
    0.8175351369380951,
    0.8282867956161499,
    0.8367408418655395,
    0.829068865776062,
    0.8320270121097565,
    0.8364665365219116,
    0.8395015680789948,
    0.8395261061191559,
    0.8465146064758301,
    0.820463947057724,
    0.8361034834384918,
    0.8385392618179321,
    0.8478500020503997,
    0.8373739492893219,
    0.8469769096374512,
    0.8442355036735535,
    0.814580991268158,
    0.847026207447052,
    0.8545897543430329,
    0.8401674354076385,
    0.8467641389369964,
    0.8402108108997345,
    0.8418855381011963,
    0.8554175543785095,
    0.8507382559776306,
    0.8549058008193969,
    0.8430674242973327,
    0.851825464963913,
    0.8467826843261719,
    0.8476267778873443,
    0.8429311299324036,
    0.8493260836601257,
    0.852959223985672,
    0.8513178503513337,
    0.8472069597244263,
    0.8463846480846405,
    0.8477648341655731,
    0.8485013318061828,
    0.8466563880443573
  ],
  "iou": [
    0.3985003685951233,
    0.4794989138841629,
    0.4702679246664047,
    0.5598832762241364,
    0.5624262589216232,
    0.6183345675468445,
    0.6453980046510697,
    0.6301434856653213,
    0.6714641362428665,
    0.6821518230438233,
    0.6466688352823258,
    0.6818479228019715,
    0.6921471560001373,
    0.6811260592937469,
    0.7246659505367279,
    0.7394342774152756,
    0.7508853048086166,
    0.7355509197711945,
    0.7411847376823425,
    0.7496473902463913,
    0.7526505565643311,
    0.7560706967115403,
    0.7638402378559113,
    0.7359376835823059,
    0.7533485901355743,
    0.7578469753265381,
    0.765917078256607,
    0.7520423352718353,
    0.7659987044334412,
    0.7622134697437286,
    0.7280893462896347,
    0.7693813359737396,
    0.7787443041801453,
    0.7639937895536423,
    0.7703651583194733,
    0.7653428208827973,
    0.7670253789424897,
    0.7838364994525909,
    0.7777769339084625,
    0.7826206851005554,
    0.7707137084007263,
    0.7795307540893555,
    0.7745053791999816,
    0.7753697812557221,
    0.7721769607067108,
    0.777589635848999,
    0.7811792242527008,
    0.778850976228714,
    0.7756811845302581,
    0.7746325117349625,
    0.7764796090126037,
    0.7776459753513336,
    0.7745028579235077
  ],
  "dice_bin": [
    0.5085935544967651,
    0.5629832890629768,
    0.49493647351861,
    0.6394342082738876,
    0.6178146147727966,
    0.6931524080038071,
    0.7127922815084458,
    0.6864992082118988,
    0.7326782262325287,
    0.7531594109535217,
    0.6963835519552231,
    0.7321250307559967,
    0.7448348659276962,
    0.7324307763576507,
    0.7785875612497329,
    0.7959158492088317,
    0.8071841180324555,
    0.7922855460643768,
    0.8026534199714661,
    0.8031964898109436,
    0.8118228554725647,
    0.8116308319568634,
    0.8163136303424835,
    0.7881553018093109,
    0.8060392534732819,
    0.8104130589962005,
    0.816637659072876,
    0.809210228919983,
    0.8195429766178131,
    0.818697166442871,
    0.7826205730438233,
    0.8225095796585083,
    0.8325435161590576,
    0.817375500202179,
    0.8236778867244721,
    0.8177975511550903,
    0.8171267366409302,
    0.8350161647796631,
    0.8299851977825164,
    0.8354396402835846,
    0.8210381412506104,
    0.8341421723365784,
    0.8268553340435028,
    0.8285490429401398,
    0.8241718018054962,
    0.8308832001686096,
    0.8343448007106781,
    0.8325389540195465,
    0.8267426478862763,
    0.8270601797103881,
    0.8285631930828095,
    0.829681077003479,
    0.8270958578586578
  ],